{
  "case1_sym_mfcd": 0.36251723669172686,
  "case2_sym_mfcd": 0.5709835436978358
}